id,isbn,title,all_authors,author_gender,publisher,publication_date,format,category,all_narrators,narrator_gender,hb_year,hb_pos,pb_year,pb_pos,str_year,str_pos
bstream_001,9789113065588,Alla kan se dig,Anna Jansson,F,Norstedts,2015-03-19,beststreamer,CRIME,Marie Richardson,F,no,no,no,no,2015,13
bstream_002,9789113049991,"Falleri, fallera, falleralla",Carin Gerhardsen,F,Norstedts,2015-05-21,beststreamer,CRIME,Stefan Sauk,M,no,no,no,no,2015,17
bstream_003,9789174614206,Hämnaren,"Dag Öhrlund, Dan Buthler",M,Lind & Co,2015-04-15,beststreamer,CRIME,Stefan Sauk,M,no,no,no,no,2015,6
bstream_004,9789173489492,Vita spår,Emelie Schepp,F,Bonnier Audio,2015-05-19,beststreamer,CRIME,Katarina Ewerlöf,F,no,no,no,no,2015,20
bstream_005,9789174614541,Dominodöden,Jonas Moström,M,Lind & Co,2015-07-20,beststreamer,CRIME,Marie Richardson,F,no,no,no,no,2015,14
bstream_006,9789176510285,Den gränslöse,Jussi Adler-Olsen,M,Bonnier Audio,2015-05-04,beststreamer,CRIME,Stefan Sauk,M,no,no,no,no,2015,5
bstream_007,9789176510698,Skymningsflickan,Katarina Wennstam,F,Bonnier Audio,2015-07-31,beststreamer,CRIME,Alexandra Rapaport,F,no,no,no,no,2015,19
bstream_008,9789173489553,En mörkare himmel : Gran Canaria,"Mari Jungstedt, Ruben Eliassen",2,Bonnier Audio,2014-12-30,beststreamer,CRIME,Magnus Roosmann,M,no,no,no,no,2015,15
bstream_009,9789176510636,I sanningens namn,Viveca Sten,F,Bonnier Audio,2015-11-04,beststreamer,CRIME,Katarina Ewerlöf,F,no,no,no,no,2015,12
bstream_010,9789113071169,Rädslans fångar : Ett nytt fall för Maria Wern,Anna Jansson,F,Norstedts,2016-03-10,beststreamer,CRIME,Marie Richardson,F,no,no,no,no,2016,14
bstream_011,9789176511329,Kärlek sökes,Carin Hjulström,F,Bonnier Audio,2016-04-13,beststreamer,OTHER,Gunilla Leining,F,no,no,no,no,2016,19
bstream_012,9789174616392,Där inga ögon ser,Dag Öhrlund,M,Lind & Co,2016-05-23,beststreamer,CRIME,Stefan Sauk,M,no,no,no,no,2016,9
bstream_013,9789174615203,Motvind,"Dag Öhrlund, Dan Buthler",M,Lind & Co,2015-12-23,beststreamer,CRIME,Stefan Sauk,M,no,no,no,no,2016,6
bstream_014,9789176512616,På sex meters djup,Denise Rudberg,F,Bonnier Audio,2016-10-19,beststreamer,CRIME,Anna Maria Käll,F,no,no,no,no,2016,20
bstream_015,9789176511992,Prio ett,Emelie Schepp,F,Bonnier Audio,2016-05-16,beststreamer,CRIME,Katarina Ewerlöf,F,no,no,no,no,2016,11
bstream_017,9789176291948,Mordbrännaren,"Anders Gustafson, Johan Kant",M,Bokfabriken,2016-03-24,beststreamer,CRIME,Katarina Ewerlöf,F,no,no,no,no,2016,10
bstream_018,9789174616545,Midnattsflickor,Jonas Moström,M,Lind & Co,2016-07-04,beststreamer,CRIME,Marie Richardson,F,no,no,no,no,2016,13
bstream_019,9789176511299,När livet börjar om,Lucy Dillon,F,Bonnier Audio,2016-01-27,beststreamer,OTHER,Anna Maria Käll,F,no,no,no,no,2016,15
bstream_020,9789176512005,Välkommen hem,Ninni Schulman,F,Bonnier Audio,2016-08-17,beststreamer,CRIME,Angela Kovács,F,no,no,no,no,2016,16
bstream_021,9789113074184,Sov du lilla videung,"Cilla Börjlind, Rolf Börjlind",2,Norstedts,2016-08-11,beststreamer,CRIME,Katarina Ewerlöf,F,no,no,no,no,2016,17
bstream_022,9789176793305,Den hemliga kvinnan,Anna Ekberg,F,Norstedts,2017-03-30,beststreamer,CRIME,Eva Röse,F,no,no,no,no,2017,7
bstream_023,9789113076119,Det du inte vet,Anna Jansson,F,Norstedts,2017-03-09,beststreamer,CRIME,Marie Richardson,F,no,no,no,no,2017,13
bstream_024,9789174617740,Tryggare kan ingen vara,Dag Öhrlund,M,Lind & Co,2016-12-23,beststreamer,CRIME,Stefan Sauk,M,no,no,no,no,2017,6
bstream_025,9789174619652,Uppståndelsen,"Dag Öhrlund, Dan Buthler",M,Lind & Co,2017-05-29,beststreamer,CRIME,Stefan Sauk,M,no,no,no,no,2017,4
bstream_026,9789176515808,De sju som såg,Denise Rudberg,F,Bonnier Audio,2017-10-11,beststreamer,CRIME,Anna Maria Käll,F,no,no,no,no,2017,17
bstream_027,9789177790112,Trogen intill döden,Jonas Moström,M,Lind & Co,2017-07-06,beststreamer,CRIME,Marie Richardson,F,no,no,no,no,2017,16
bstream_028,9789175237060,Prästens lilla flicka,Susan Casserfelt,F,Word Audio Publishing,2016-12-21,beststreamer,CRIME,Katarina Ewerlöf,F,no,no,no,no,2017,14
bstream_029,9789175237084,Den tatuerade cirkeln,Susan Casserfelt,F,Word Audio Publishing,2017-02-24,beststreamer,CRIME,Katarina Ewerlöf,F,no,no,no,no,2017,19
bstream_030,9789113084664,Kvinnan på bänken,Anna Jansson,F,Norstedts,2018-03-08,beststreamer,CRIME,Marie Richardson,F,no,no,no,no,2018,8
bstream_031,9789185247578,Bakom stängda dörrar,B.A. Paris,F,Jentas SE,2017-12-15,beststreamer,CRIME,Kerstin Andersson,F,no,no,no,no,2018,7
bstream_033,9789188321183,5:e Moseboken,Christina Larsson,F,Word Audio Publishing,2018-01-16,beststreamer,CRIME,Kjell ”Coach” Bengtsson,M,no,no,no,no,2018,19
bstream_034,9789175239866,Nådastöten,Christina Larsson,F,Word Audio Publishing,2018-02-16,beststreamer,CRIME,Katarina Ewerlöf,F,no,no,no,no,2018,12
bstream_035,9789177792673,Se till mig som liten är,Dag Öhrlund,M,Lind & Co,2018-01-15,beststreamer,CRIME,Stefan Sauk,M,no,no,no,no,2018,4
bstream_036,9789177795254,Domaren,Dag Öhrlund,M,Lind & Co,2018-08-20,beststreamer,CRIME,Anna Maria Käll,F,no,no,no,no,2018,10
bstream_037,9789188107664,Hämndens pris,Erik Lewin,M,Bokförlaget NoNa,2018-06-07,beststreamer,CRIME,Stefan Sauk,M,no,no,no,no,2018,11
bstream_038,9789176298985,Änglabarnet,"Anders Gustafson, Johan Kant",M,Bokfabriken,2018-02-12,beststreamer,CRIME,Katarina Ewerlöf,F,no,no,no,no,2018,14
bstream_039,9789177794486,Skuggorna ruva,Jonas Moström,M,Lind & Co,2018-09-17,beststreamer,CRIME,Marie Richardson,F,no,no,no,no,2018,18
bstream_040,9789176298190,Ondskans ansikte,Mats Ahlstedt,M,Bokfabriken,2018-03-16,beststreamer,CRIME,Katarina Ewerlöf,F,no,no,no,no,2018,16
bstream_042,9789113091976,Mitt hjärta är ditt,Anna Jansson,F,Norstedts,2019-03-10,beststreamer,CRIME,Marie Richardson,F,no,no,no,no,2019,7
bstream_043,9789113098920,Dotter saknad,Anna Jansson,F,Norstedts,2019-09-05,beststreamer,CRIME,Niklas Engdahl,M,no,no,no,no,2019,12
bstream_044,9789178611423,Ingen lämnas kvar,Dag Öhrlund,M,Lind & Co,2019-05-31,beststreamer,CRIME,Stefan Sauk,M,no,no,no,no,2019,3
bstream_045,9789178273324,Under nio nätter,Denise Rudberg,F,Bonnier Audio,2019-10-09,beststreamer,CRIME,Anna Maria Käll,F,no,no,no,no,2019,18
bstream_046,9789176136737,Snödrev,Helene Tursten,F,Storyside,2018-12-20,beststreamer,CRIME,Mirja Turestedt,F,no,no,no,no,2019,15
bstream_047,9789178273850,Offer 2117,Jussi Adler-Olsen,M,Bonnier Audio,2019-11-05,beststreamer,CRIME,Stefan Sauk,M,no,no,2020,15,2019,5
bstream_048,9789178350940,Sista färjan från Ystad,Karin Alfredsson,F,Bokfabriken,2019-04-14,beststreamer,CRIME,Katarina Ewerlöf,F,no,no,no,no,2019,16
bstream_049,9789178351275,Trojanen,Mats Ahlstedt,M,Bokfabriken,2019-03-09,beststreamer,CRIME,Katarina Ewerlöf,F,no,no,no,no,2019,14
bstream_050,9789178610051,Morden på Mörkö,Samuel Karlsson,M,Lind & Co,2019-01-15,beststreamer,CRIME,Gunilla Leining,F,no,no,no,no,2019,6
bstream_052,9789179039998,När regnen upphör,Dag Öhrlund,M,Lind & Co,2020-11-04,beststreamer,CRIME,Stefan Sauk,M,no,no,no,no,2020,6
bstream_053,9789113101521,Dödslistan,Anna Jansson,F,Norstedts,2020-03-05,beststreamer,CRIME,Marie Richardson,F,no,no,no,no,2020,7
bstream_055,9789113108377,Fruset guld,"Cilla Börjlind, Rolf Börjlind",2,Norstedts,2020-07-09,beststreamer,CRIME,Nina Zanjani,F,no,no,no,no,2020,11
bstream_059,9789137158792,Offermakaren,Viveca Sten,F,Bonnier Audio,2020-10-14,beststreamer,CRIME,Gunilla Leining,F,no,no,no,no,2020,13
bstream_060,9789189057050,De sju systrarna,Lucinda Riley,F,BZR Publishing AB,2019-10-14,beststreamer,OTHER,Gunilla Leining,F,no,no,no,no,2020,14
bstream_062,9789178274772,Ödesmark,Stina Jackson,F,Bonnier Audio,2020-04-09,beststreamer,CRIME,Marie Richardson,F,no,no,no,no,2020,16
bstream_063,9789189087644,Tio grisar nere,Denise Rudberg,F,Stockholm Text,2020-10-12,beststreamer,CRIME,Anna Maria Käll,F,no,no,no,no,2020,17
bstream_064,9789100185077,Sovsågott,Anders Roslund,M,Bonnier Audio,2020-06-15,beststreamer,CRIME,Thomas Hanzon,M,no,no,no,no,2020,18
bstream_065,9789113108391,Skuggan bakom dig,Anna Jansson,F,Norstedts,2020-08-13,beststreamer,CRIME,Niklas Engdahl,M,no,no,no,no,2020,19
orig_001,S9789178151202,1986 - S1,Jesper Ersgård,M,Storytel Original,2018-08-21,original,CRIME,Stefan Sauk,M,,,,,,
orig_002,S9789178691302,1986 - S2,Jesper Ersgård,M,Storytel Original,2019-06-19,original,CRIME,Stefan Sauk,M,,,,,,
orig_003,S9789179076603,1986 - S3,Jesper Ersgård,M,Storytel Original,2020-06-24,original,CRIME,Stefan Sauk,M,,,,,,
orig_004,S9789178699896,42 kilo kärlek,Felicia Welander,F,Storytel Original,2020-04-15,original,OTHER,Maria Lyckow,F,,,,,,
orig_005,9789179916756,Akademin,Eva Maria Fredensborg,F,Storytel Original,2019-03-20,original,CRIME,Magnus Roosmann,M,,,,,,
orig_006,9789179673277,Akademin 2 - Pojken som försvann,Eva Maria Fredensborg,F,Storytel Original,2020-08-26,original,CRIME,Magnus Roosmann,M,,,,,,
orig_008,S9789178699490,Änkornas begravningsbyrå,Johanna Nilsson,F,Storytel Original,2020-07-16,original,OTHER,Klara Zimmergren,F,,,,,,
orig_009,S9789178606368,Annars tar jag dig - S1,C S Duffy,F,Storytel Original,2019-02-25,original,CRIME,Emma Peters,F,,,,,,
orig_010,9789179259488,Av jord är du kommen,Marko Kilpi,M,Storytel Original,2018-06-19,original,CRIME,Erik Ehn,M,,,,,,
orig_011,S9789177612315,Bergtagen - S1,"Linda Skugge, Sigrid Tollgård",F,Storytel Original,2017-10-31,original,CRIME,Gunilla Leining,F,,,,,,
orig_012,S9789176134658,"Blod, tvätt & dårar - S1",Max Landergård,M,Storytel Original,2016-12-27,original,OTHER,Max Landergård,M,,,,,,
orig_013,S9789177354024,Blodet ropar - S1,Edmond Alonso,M,Storytel Original,2016-11-22,original,CRIME,Christian Fex,M,,,,,,
orig_014,S9789176136041,Byvalla - S1,Karin Janson,F,Storytel Original,2016-07-26,original,OTHER,Cecilia Forss,F,,,,,,
orig_015,S9789177356622,Byvalla - S2,Karin Janson,F,Storytel Original,2017-05-10,original,OTHER,Cecilia Forss,F,,,,,,
orig_016,S9789177788379,Byvalla - S3,Karin Janson,F,Storytel Original,2018-02-27,original,OTHER,Cecilia Forss,F,,,,,,
orig_017,S9789178416806,Centralgången - Del 1,"Felicia Welander, Gunnar Svensén, Karin Janson, Magnus Abrahamsson, Storytel Writers' Room",2,Storytel Original,2018-12-01,original,OTHER,Charlotta Jonsson,F,,,,,,
orig_018,S9789177916291,Dalagatan 14 - S1,"Karina Berg Johansson, Magnus Nordin",2,Storytel Original,2017-12-01,original,CRIME,Mirja Turestedt,F,,,,,,
orig_019,S9789177352877,De herrelösa hundarna - S1,Fredrik Hardenborg,M,Storytel Original,2017-03-20,original,CRIME,Jakob Fahlstedt,M,,,,,,
orig_020,S9789177610519,De själlösa - S1,Helene Holmström,F,Storytel Original,2017-07-04,original,CRIME,Charlotta Jonsson,F,,,,,,
orig_021,S9789177352976,Deadline - S1,Carl V Andersson,M,Storytel Original,2017-02-21,original,CRIME,Tomas Bolme,M,,,,,,
orig_026,S9789178170838,Dolt nummer - S1,Niklas Lindroth,M,Storytel Original,2019-08-01,original,CRIME,Disa Östrand,F,,,,,,
orig_027,S9789178601363,Drömmen om Tom,Sara Dalengren,F,Storytel Original,2020-07-01,original,OTHER,Viktor Åkerblom,M,,,,,,
orig_028,S9789177911999,Ellen Holms - privatdetektiv - S1,Nicolet Steemers,F,Storytel Original,2018-01-09,original,CRIME,Emma Peters,F,,,,,,
orig_029,S9789177911616,En andra chans - S1,Martyn van Beek,M,Storytel Original,2017-07-11,original,CRIME,Ellen Jelinek,F,,,,,,
orig_030,9789179910341,En annan strand,Klas Lundström,M,Storytel Original,2017-08-28,original,OTHER,Anastasios Soulis,M,,,,,,
orig_031,S9789177610953,En ohelig allians - S1,Maria Vickberg,F,Storytel Original,2017-09-26,original,CRIME,Nadja Mirmiran,F,,,,,,
orig_032,S9789177354017,Evas första vecka som död - S1,Anders Fager,M,Storytel Original,2017-04-11,original,OTHER,Johanna Wilson,F,,,,,,
orig_033,S9789178157983,Fader Malakis ögon - S01,Marko Hautala,M,Storytel Original,2018-12-25,original,CRIME,Tomas Norström,M,,,,,,
orig_034,S9789179078089,Förändringarnas vindar - Del 1,Veronica Almer,F,Storytel Original,2020-06-22,original,OTHER,Katharina Cohen,F,,,,,,
orig_035,S9789178071067,Gäddsimmerskan - S1,Cecilia Klang,F,Storytel Original,2018-07-03,original,OTHER,Ellen Jelinek,F,,,,,,
orig_036,S9789178694082,Gäddsimmerskan och bryggmästarens kärlek - S2E1,Cecilia Klang,F,Storytel Original,2020-01-03,original,OTHER,Ellen Jelinek,F,,,,,,
orig_037,S9789176134542,Graffitimorden,Christian Holmqvist,M,Storytel Original,2016-09-20,original,CRIME,Thomas Hanzon,M,,,,,,
orig_038,S9789176136249,Gustav III checkar in - S1,Christian Holmqvist,M,Storytel Original,2016-06-14,original,OTHER,Fredrik Berling,M,,,,,,
orig_039,S9789178010509,Gustav III checkar in - S2,Christian Holmqvist,M,Storytel Original,2017-10-17,original,OTHER,Fredrik Berling,M,,,,,,
orig_040,9789177610205,Gustav III checkar in – julspecial,Christian Holmqvist,M,Storytel Original,2016-12-20,original,OTHER,Fredrik Berling,M,,,,,,
orig_041,S9789178157785,Ha ett underbart år,Tove Meyer,F,Storytel Original,2020-06-09,original,OTHER,Malin Crépin,F,,,,,,
orig_042,9789179916732,Härifrån till dig,Albert Lindemalm,M,Storytel Original,2017-05-25,original,OTHER,Viktor Åkerblom,M,,,,,,
orig_043,S9789177351009,I krig och kärlek,"Caroline Grimwalker, Leffe Grimwalker",2,Storytel Original,2016-09-27,original,OTHER,Anton Körberg,M,,,,,,
orig_044,S9789177350507,Jordbunden - S1,Erik Thulin,M,Storytel Original,2016-11-01,original,CRIME,Eva Röse,F,,,,,,
orig_045,S9789177788263,Jordbunden - S2,Erik Thulin,M,Storytel Original,2017-09-05,original,CRIME,Eva Röse,F,,,,,,
orig_046,S9789178691500,Jordbunden - S3,Erik Thulin,M,Storytel Original,2019-06-07,original,CRIME,Eva Röse,F,,,,,,
orig_047,9789177356721,Jul i Byvalla,Karin Janson,F,Storytel Original,2016-12-20,original,OTHER,Cecilia Forss,F,,,,,,
orig_048,9789179917234,Jul på Huvudkontoret,Gunnar Svensén,M,Storytel Original,2019-12-01,original,OTHER,Emma Peters,F,,,,,,
orig_049,S9789178071265,Jungfruresan - S1,Joel Arvidsson,M,Storytel Original,2018-10-02,original,OTHER,Kristofer Kamiyasu,M,,,,,,
orig_050,S9789178155521,Kalla fötter - S1,Karin Janson,F,Storytel Original,2019-07-17,original,OTHER,Frida Hallgren,F,,,,,,
orig_051,S9789177786825,Kämpa tjejer! - S1,Jenny Gromark Wennberg,F,Storytel Original,2018-10-09,original,OTHER,Hanna Dorsin,F,,,,,,
orig_052,S9789177351993,Kropparna i Timmerdalen - S1,Gustaf Gustafsson,M,Storytel Original,2017-04-28,original,OTHER,Johan Ulveson,M,,,,,,
orig_053,S9789179673031,Lillforsa Ladies,Karin Janson,F,Storytel Original,2020-12-01,original,OTHER,Ida Hallquist,F,,,,,,
orig_054,S9789178151608,Majken Linds mordmysterier - S1,"Boel Bermann, Olle Söderström",2,Storytel Original,2018-03-19,original,CRIME,Marga Pettersson,F,,,,,,
orig_055,S9789177350804,Maskeradstaden,Maria Monciu,F,Storytel Original,2016-08-02,original,OTHER,Alexander Salzberger,M,,,,,,
orig_056,9789179910495,Mördarens syster,Emma Andersson,F,Storytel Original,2019-04-23,original,CRIME,Disa Östrand,F,,,,,,
orig_057,9789179677657,Mörkermannen,Anna Bågstam,F,Storytel Original,2021-01-11,original,CRIME,Angela Kovács,F,,,,,,
orig_058,S9789177912385,Mörkt arv - S1,Arianna Bommarco,F,Storytel Original,2017-11-28,original,CRIME,Ida Engvoll,F,,,,,,
orig_059,9789179256692,Nära gränsen – Gisslan,Daniel Åberg,M,Storytel Original,2019-07-30,original,CRIME,Lo Kauppi,F,,,,,,
orig_060,9789179910549,Nära gränsen – Hotet,Daniel Åberg,M,Storytel Original,2020-11-25,original,CRIME,Lo Kauppi,F,,,,,,
orig_061,S9789178412303,Nina i Granbergsbyn - S1,Anna Holmström Degerman,F,Storytel Original,2018-11-06,original,OTHER,Charlotta Jonsson,F,,,,,,
orig_062,S9789179076207,Nina i Granbergsbyn - S2,Anna Holmström Degerman,F,Storytel Original,2019-11-13,original,OTHER,Charlotta Jonsson,F,,,,,,
orig_063,9789180111058,Ögonvittnet,Anna Bågstam,F,Storytel Original,2018-05-15,original,CRIME,Angela Kovács,F,,,,,,
orig_064,S9789177614920,Önskebrunnen - S1,"Felicia Welander, Peo Bengtsson",2,Storytel Original,2017-09-19,original,CRIME,Ingela Olsson,F,,,,,,
orig_065,9789178075010,Panopticon,JC Koldemo,F,Storytel Original,2020-09-02,original,OTHER,Disa Östrand,F,,,,,,
orig_066,9789177617105,Rovdrift,Joel Wallon,M,Storytel Original,2020-07-22,original,OTHER,"Daniel Larsson, Siham Shurafa",2,,,,,,
orig_067,S9789177350408,Ryggdjur,Hanna von Corswant,F,Storytel Original,2016-11-08,original,CRIME,Rakel Wärmländer,F,,,,,,
orig_068,S9789178608447,Saknad - S1,Lone Theils,F,Storytel Original,2019-09-16,original,CRIME,Callin Öhrvall Delmar,F,,,,,,
orig_069,S9789177354222,Samtal pågår,"Henrik Karlsson, Tiina Nevala",2,Storytel Original,2016-10-11,original,OTHER,Lia Boysen,F,,,,,,
orig_070,S9789178151004,Sekten - S1,Maria Nordström,F,Storytel Original,2019-03-27,original,CRIME,Nina Zanjani,F,,,,,,
orig_071,9789179917920,Semesterkaos på Huvudkontoret,Gunnar Svensén,M,Storytel Original,2019-07-09,original,OTHER,Emma Peters,F,,,,,,
orig_072,9789180111072,Skuggspelet,Anna Bågstam,F,Storytel Original,2019-10-07,original,CRIME,Angela Kovács,F,,,,,,
orig_073,9789178414826,Slutspel,Nina Hampusson,F,Storytel Original,2020-10-16,original,OTHER,Elias Dahlgren,M,,,,,,
orig_074,S9789177610311,Sofia Tholls kabinett - S1,Elisabeth Östnäs,F,Storytel Original,2017-06-13,original,CRIME,Johan Ehn,M,,,,,,
orig_075,S9789178171033,Stackars Birger - S1,Martina Montelius,F,Storytel Original,2018-09-18,original,OTHER,Martina Montelius,F,,,,,,
orig_076,S9789177350903,Stockholm Psycho,Anna Bågstam,F,Storytel Original,2016-10-25,original,CRIME,Emma Peters,F,,,,,,
orig_077,S9789178391608,Storm,Karina Berg Johansson,F,Storytel Original,2020-07-22,original,CRIME,Ella Schartner,F,,,,,,
orig_078,S9789176135181,Summer Karlsson - S1,Johanna Nilsson,F,Storytel Original,2017-03-07,original,OTHER,Julia Dufvenius,F,,,,,,
orig_079,S9789177787884,Summer Karlsson - S2,Johanna Nilsson,F,Storytel Original,2017-10-24,original,OTHER,Julia Dufvenius,F,,,,,,
orig_080,S9789178158386,Summer Karlsson - S3,Johanna Nilsson,F,Storytel Original,2018-09-25,original,OTHER,Julia Dufvenius,F,,,,,,
orig_081,S9789176135365,Svart stjärna - S1,"Jesper Ersgård, Joakim Ersgård",M,Storytel Original,2016-07-05,original,OTHER,Stefan Sauk,M,,,,,,
orig_082,S9789177352402,Svart stjärna - S2,"Jesper Ersgård, Joakim Ersgård",M,Storytel Original,2016-12-13,original,OTHER,Stefan Sauk,M,,,,,,
orig_083,S9789177611882,Svart stjärna - S3,"Jesper Ersgård, Joakim Ersgård",M,Storytel Original,2017-07-18,original,OTHER,Stefan Sauk,M,,,,,,
orig_085,S9789176135266,Tick Tack - S1,Leffe Grimwalker,M,Storytel Original,2016-08-16,original,CRIME,Oscar Skagerberg,M,,,,,,
orig_086,S9789177358176,Tick Tack - S2,Leffe Grimwalker,M,Storytel Original,2017-03-28,original,CRIME,Oscar Skagerberg,M,,,,,,
orig_087,S9789177919681,Tick Tack - S3,Leffe Grimwalker,M,Storytel Original,2018-07-17,original,CRIME,Oscar Skagerberg,M,,,,,,
orig_088,9789179259464,Tio platser du måste besöka efter min död,Karin Wallén,F,Storytel Original,2017-08-15,original,OTHER,Klara Zimmergren,F,,,,,,
orig_089,S9789179076405,Utpost,Dmitry Glukhovsky,M,Storytel Original,2019-09-25,original,OTHER,Kristofer Kamiyasu,M,,,,,,
orig_091,S9789176135945,Vargland - S1,Björn Olofsson,M,Storytel Original,2016-06-21,original,CRIME,Lennart Jähkel,M,,,,,,
orig_092,S9789177613343,Vargland - S2,Björn Olofsson,M,Storytel Original,2017-08-08,original,CRIME,Lennart Jähkel,M,,,,,,
orig_093,S9789177351108,Vespers vidunderliga äventyr,Ida Kjellin,F,Storytel Original,2016-11-15,original,OTHER,Louise Ryme,F,,,,,,
orig_094,S9789179076009,Victoria Bonde - Jakten,Leffe Grimwalker,M,Storytel Original,2020-08-12,original,CRIME,Gunilla Leining,F,,,,,,
orig_095,9789179910716,Virus:1,Daniel Åberg,M,Storytel Original,2016-07-12,original,OTHER,Disa Östrand,F,,,,,,
orig_096,9789179910730,Virus:2,Daniel Åberg,M,Storytel Original,2017-01-24,original,OTHER,Disa Östrand,F,,,,,,
orig_097,9789179910754,Virus:3,Daniel Åberg,M,Storytel Original,2017-06-28,original,OTHER,Disa Östrand,F,,,,,,
orig_098,9789179910778,Virus:4,Daniel Åberg,M,Storytel Original,2018-04-03,original,OTHER,Disa Östrand,F,,,,,,
orig_099,9789179910792,Virus:5,Daniel Åberg,M,Storytel Original,2018-10-23,original,OTHER,Philomène Grandin,F,,,,,,
orig_100,9789179910815,Virus:6,Daniel Åberg,M,Storytel Original,2019-05-05,original,OTHER,Philomène Grandin,F,,,,,,
orig_101,9789179076801,Virus:7,Daniel Åberg,M,Storytel Original,2020-05-05,original,OTHER,Philomène Grandin,F,,,,,,
orig_102,S9789177358435,Westins bageri & kafé - S1,Solja Krapu-Kallio,F,Storytel Original,2016-12-01,original,OTHER,Anna Maria Käll,F,,,,,,
orig_103,S9789177614821,Westins bageri & kafé - S2,Solja Krapu-Kallio,F,Storytel Original,2017-10-03,original,OTHER,Maria Salah,F,,,,,,
orig_104,S9789178075997,Westins bageri & kafé - S3,Solja Krapu-Kallio,F,Storytel Original,2018-04-17,original,OTHER,Maria Salah,F,,,,,,
orig_105,S9789178606764,Westins bageri & kafé - S4,Solja Krapu-Kallio,F,Storytel Original,2019-01-29,original,OTHER,Maria Salah,F,,,,,,
SvB_BS_001,9789173480062,Da Vinci-koden,Dan Brown,M,Bonnier Audio,2009-10-05,bestseller,CRIME,Jan Waldecranz,M,2004,1,na,na,na,na
SvB_BS_002,9789164230089,Tjuvarnas marknad,Jan Guillou,M,Piratförlaget,2004-09-01,bestseller,CRIME,Tomas Bolme,M,2004,2,na,na,na,na
SvB_BS_004,9789185430239,Skuggorna och regnet,Håkan Nesser,M,Norstedts,2006-05-01,bestseller,CRIME,Torsten Wahlund,M,2004,4,na,na,na,na
SvB_BS_005,9789173480246,I skuggan av ett brott,Helena Henschen,F,Bonnier Audio,2008-11-13,bestseller,OTHER,Irene Lindh,F,2004,5,na,na,na,na
SvB_BS_006,9789173135597,Boken om Blanche och Marie,Per Olov Enquist,M,Norstedts,2008-07-01,bestseller,PRESTIGE,Anita Björk,F,2004,7,na,na,na,na
SvB_BS_007,9789173484749,Gregorius,Bengt Ohlsson,M,Bonnier Audio,2010-05-28,bestseller,PRESTIGE,Johan Rabaeus,M,2004,8,na,na,na,na
SvB_BS_008,9789164230225,Den röda vargen,Liza Marklund,F,Piratförlaget,2003-06-01,bestseller,CRIME,Katarina Ewerlöf,F,2004,9,na,na,na,na
SvB_BS_009,9789173489034,"En annan tid, ett annat liv",Leif G.W. Persson,M,Bonnier Audio,2014-05-01,bestseller,CRIME,Thomas Pontén,M,2004,10,na,na,na,na
SvB_BS_010,9789164230126,Bortom sanningen,Anne Holt,F,Piratförlaget,2006-06-01,bestseller,CRIME,Torsten Wahlund,M,no,no,2004,5,na,na
SvB_BS_011,9789176516997,Ett öga rött,Jonas Hassen Khemiri,M,Bonnier Audio,2017-05-15,bestseller,OTHER,Hamadi Khemiri,M,no,no,2004,3,na,na
SvB_BS_012,9789173480741,Solstorm,Åsa Larsson,F,Bonnier Audio,2007-11-13,bestseller,CRIME,Marie Richardson,F,no,no,2004,6,na,na
SvB_BS_013,9789173480222,Änglar och demoner,Dan Brown,M,Bonnier Audio,2009-10-01,bestseller,CRIME,Johan Rabaeus,M,2005,1,na,na,na,na
SvB_BS_014,9789173480352,I cirkelns mitt,Dan Brown,M,Bonnier Audio,2009-10-01,bestseller,CRIME,Per Mattsson,M,2005,3,na,na,na,na
SvB_BS_015,9789100152277,Linda - som i Lindamordet,Leif G.W. Persson,M,Bonniers,2005,bestseller,CRIME,Tomas Bolme,M,2005,5,na,na,na,na
SvB_BS_017,9789173431057,Kennedys hjärna,Henning Mankell,M,Leopard Förlag,2018-02-23,bestseller,OTHER,Gunilla Leining,F,2005,8,na,na,na,na
SvB_BS_018,9789173480307,Stenhuggaren,Camilla Läckberg,F,Bonnier Audio,2007-09-21,bestseller,CRIME,Katarina Ewerlöf,F,2005,10,na,na,na,na
SvB_BS_019,9789176515761,Efter alla år av saknad,Peter Robinson,M,Bonnier Audio,2018-05-04,bestseller,CRIME,Tomas Bolme,M,no,no,2005,5,na,na
SvB_BS_020,9789173480116,Det blod som spillts,Åsa Larsson,F,Bonnier Audio,2007-09-21,bestseller,CRIME,Katarina Ewerlöf,F,no,no,2005,7,na,na
SvB_BS_021,9789173480086,Predikanten,Camilla Läckberg,F,Bonnier Audio,2007-11-05,bestseller,CRIME,Eva Röse,F,no,no,2005,3,na,na
SvB_BS_022,9789170361159,Små citroner gula,Kajsa Ingemarsson,F,Storyside,2006-05-01,bestseller,OTHER,Kajsa Ingemarsson,F,no,no,2005,1,na,na
SvB_BS_023,9789173481533,Tillsammans är man mindre ensam,Anna Gavalda,F,Bonnier Audio,2007-09-21,bestseller,OTHER,Eva Röse,F,no,no,2006,3,na,na
SvB_BS_024,9789164230881,Madame Terror,Jan Guillou,M,Piratförlaget,2006-08-01,bestseller,CRIME,Tomas Bolme,M,2006,1,na,na,na,na
SvB_BS_025,9789164230737,Nobels testamente,Liza Marklund,F,Piratförlaget,2006-06-01,bestseller,CRIME,Katarina Ewerlöf,F,2006,2,na,na,na,na
SvB_BS_026,9789173133609,Flickan som lekte med elden,Stieg Larsson,M,Norstedts,2007-05-01,bestseller,CRIME,"Reine Brynolfsson, Sherman Howard",M,2006,3,na,na,na,na
SvB_BS_027,9789173480543,Olycksfågeln,Camilla Läckberg,F,Bonnier Audio,2007-09-21,bestseller,CRIME,Katarina Ewerlöf,F,2006,5,na,na,na,na
SvB_BS_028,9789173480611,Svart stig,Åsa Larsson,F,Bonnier Audio,2007-09-21,bestseller,CRIME,Katarina Ewerlöf,F,2006,7,na,na,na,na
SvB_BS_029,9789173480468,Människa utan hund,Håkan Nesser,M,Bonnier Audio,2007-09-21,bestseller,CRIME,Håkan Nesser,M,2006,8,na,na,na,na
SvB_BS_030,9789173481182,Svinalängorna,Susanna Alakoski,F,Bonnier Audio,2007-11-05,bestseller,PRESTIGE,Sannamari Patjas,F,2006,9,na,na,na,na
SvB_BS_031,9789173133029,Mannen som dog som en lax,Mikael Niemi,M,Norstedts,2007-06-01,bestseller,OTHER,Mikael Niemi,M,2006,10,na,na,na,na
SvB_BS_032,9789178090969,Skam,Karin Alvtegen,F,Brombergs,2019-06-24,bestseller,OTHER,Karin Alvtegen,F,no,no,2006,12,na,na
SvB_BS_034,9789170360985,Den ryske vännen,Kajsa Ingemarsson,F,Storyside,2006-05-01,bestseller,OTHER,Pia Johansson,F,no,no,2006,11,na,na
SvB_BS_035,9789173489355,En lek med eld,Peter Robinson,M,Bonnier Audio,2014-07-01,bestseller,CRIME,Tomas Bolme,M,no,no,2006,15,na,na
SvB_BS_036,9789173133586,Män som hatar kvinnor,Stieg Larsson,M,Norstedts,2007-04-01,bestseller,CRIME,Reine Brynolfsson,M,no,no,2006,1,na,na
SvB_BS_037,9789173480451,Isprinsessan,Camilla Läckberg,F,Bonnier Audio,2007-09-21,bestseller,CRIME,Katarina Ewerlöf,F,no,no,2006,6,na,na
SvB_BS_038,9789173489027,Mordet på Harriet Krohn,Karin Fossum,F,Bonnier Audio,2014-06-26,bestseller,CRIME,Torsten Wahlund,M,no,no,2006,20,na,na
SvB_BS_039,9789173480628,Mossvikenfruar - Chansen,Emma Hamberg,F,Bonnier Audio,2007-09-21,bestseller,OTHER,Emma Hamberg,F,no,no,2006,18,na,na
SvB_BS_040,9789164234278,Box 21,Roslund & Hellström,M,Piratförlaget,2020-01-17,bestseller,CRIME,Thomas Hanzon,M,no,no,2006,16,na,na
SvB_BS_041,9789173480208,Flickan med majblommorna,Karin Wahlberg,F,Bonnier Audio,2007-09-21,bestseller,CRIME,Torsten Wahlund,M,no,no,2006,19,na,na
SvB_BS_042,9789173133692,Luftslottet som sprängdes,Stieg Larsson,M,Norstedts,2007-04-01,bestseller,CRIME,Reine Brynolfsson,M,2007,1,na,na,na,na
SvB_BS_043,9789173481205,Tyskungen,Camilla Läckberg,F,Bonnier Audio,2007-10-19,bestseller,CRIME,Katarina Ewerlöf,F,2007,2,na,na,na,na
SvB_BS_044,9789164231598,Livstid,Liza Marklund,F,Piratförlaget,2007-08-01,bestseller,CRIME,Katarina Ewerlöf,F,2007,3,na,na,na,na
SvB_BS_045,9789173481434,Faller fritt som i en dröm,Leif G.W. Persson,M,Bonnier Audio,2007-09-21,bestseller,CRIME,Peter Andersson,M,2007,4,na,na,na,na
SvB_BS_046,9789173481588,En helt annan historia,Håkan Nesser,M,Bonnier Audio,2007-11-05,bestseller,CRIME,Håkan Nesser,M,2007,5,na,na,na,na
SvB_BS_047,9789164231628,Fienden inom oss,Jan Guillou,M,Piratförlaget,2007-09-01,bestseller,CRIME,Tomas Bolme,M,2007,6,na,na,na,na
SvB_BS_048,9789173134477,Norrlands Akvavit,Torgny Lindgren,M,Norstedts,2007-10-01,bestseller,PRESTIGE,Torgny Lindgren,M,2007,7,na,na,na,na
SvB_BS_049,9789173487443,Tusen strålande solar,Khaled Hosseini,M,Bonnier Audio,2013-06-03,bestseller,OTHER,Sharon Dyall,F,2007,8,na,na,na,na
SvB_BS_050,9789178090976,Skugga,Karin Alvtegen,F,Brombergs,2017-09-01,bestseller,CRIME,Karin Alvtegen,F,2007,10,na,na,na,na
SvB_BS_051,9789173489362,En märklig affär,Peter Robinson,M,Bonnier Audio,2014-07-01,bestseller,CRIME,Tomas Bolme,M,no,no,2007,19,na,na
SvB_BS_052,9789173487450,Flyga drake,Khaled Hosseini,M,Bonnier Audio,2013-06-03,bestseller,OTHER,Krister Henriksson,M,no,no,2007,12,na,na
SvB_BS_053,9789173480895,Den döende dandyn,Mari Jungstedt,F,Bonnier Audio,2007-09-21,bestseller,CRIME,Katarina Ewerlöf,F,no,no,2007,16,na,na
SvB_BS_054,9789173480642,Snabba cash,Jens Lapidus,M,Bonnier Audio,2007-11-05,bestseller,CRIME,Morgan Alling,M,no,no,2007,3,na,na
SvB_BS_055,9789176517000,Montecore,Jonas Hassen Khemiri,M,Bonnier Audio,2017-05-15,bestseller,PRESTIGE,"Hamadi Khemiri, Rikard Wolff",M,no,no,2007,18,na,na
SvB_BS_056,9789173481724,Nu vill jag sjunga dig milda sånger,Linda Olsson,F,Bonnier Audio,2008-04-01,bestseller,OTHER,Linda Olsson,F,2007,14,na,na,na,na
SvB_BS_057,9789173481793,Aldrig fucka upp,Jens Lapidus,M,Bonnier Audio,2008-05-27,bestseller,CRIME,Jonas Malmsjö,M,2008,1,na,na,na,na
SvB_BS_058,9789164232113,Men inte om det gäller din dotter,Jan Guillou,M,Piratförlaget,2008-08-01,bestseller,CRIME,Tomas Bolme,M,2008,2,na,na,na,na
SvB_BS_059,9789173481823,Sjöjungfrun,Camilla Läckberg,F,Bonnier Audio,2008-05-27,bestseller,CRIME,Katarina Ewerlöf,F,2008,3,na,na,na,na
SvB_BS_060,9789173432351,Kinesen,Henning Mankell,M,Leopard Förlag,2018-02-23,bestseller,CRIME,Gunilla Leining,F,2008,4,na,na,na,na
SvB_BS_061,9789164232298,En plats i solen,Liza Marklund,F,Piratförlaget,2008-09-01,bestseller,CRIME,Katarina Ewerlöf,F,2008,5,na,na,na,na
SvB_BS_062,9789173481885,Den som dödar draken,Leif G.W. Persson,M,Bonnier Audio,2008-05-29,bestseller,CRIME,Peter Andersson,M,2008,6,na,na,na,na
SvB_BS_063,9789173482042,Till dess din vrede upphör,Åsa Larsson,F,Bonnier Audio,2008-09-15,bestseller,CRIME,Katarina Ewerlöf,F,2008,8,na,na,na,na
SvB_BS_064,9789173482486,Nattfåk,Johan Theorin,M,Bonnier Audio,2008-09-15,bestseller,CRIME,Magnus Krepper,M,2008,10,na,na,na,na
SvB_BS_065,9789170361821,Midvinterblod,Mons Kallentoft,M,Storyside,2007-06-01,bestseller,CRIME,Torsten Wahlund,M,no,no,2008,8,na,na
SvB_BS_066,9789170362361,Mig äger ingen,Åsa Linderborg,F,Storyside,2007-11-01,bestseller,PRESTIGE,"Katarina Ewerlöf, Steve Jenkins",2,no,no,2008,4,na,na
SvB_BS_067,9789173483889,Den förlorade symbolen,Dan Brown,M,Bonnier Audio,2009-10-21,bestseller,CRIME,Jonas Malmsjö,M,2009,1,na,na,na,na
SvB_BS_068,9789173482981,Fyrvaktaren,Camilla Läckberg,F,Bonnier Audio,2009-09-16,bestseller,CRIME,Katarina Ewerlöf,F,2009,2,na,na,na,na
SvB_BS_069,9789173432764,Den orolige mannen,Henning Mankell,M,Leopard Förlag,2018-04-09,bestseller,CRIME,Krister Henriksson,M,2009,3,na,na,na,na
SvB_BS_070,9789178273034,Hypnotisören - Black edition,Lars Kepler,2,Bonnier Audio,2019-06-11,bestseller,CRIME,Jonas Malmsjö,M,2009,4,na,na,na,na
SvB_BS_071,9789164232496,Tre sekunder,Roslund & Hellström,M,Piratförlaget,2009-05-01,bestseller,CRIME,Peter Andersson,M,2009,5,na,na,na,na
SvB_BS_072,9789164232519,Hundraåringen som klev ut genom fönstret och försvann,Jonas Jonasson,M,Piratförlaget,2009-09-01,bestseller,OTHER,Björn Granath,M,2009,7,na,na,na,na
SvB_BS_073,9789173482912,Den dubbla tystnaden,Mari Jungstedt,F,Bonnier Audio,2009-06-08,bestseller,CRIME,Katarina Ewerlöf,F,2009,8,na,na,na,na
SvB_BS_074,9789173481779,Den mörka ängeln,Mari Jungstedt,F,Bonnier Audio,2008-06-24,bestseller,CRIME,Katarina Ewerlöf,F,no,no,2009,20,na,na
SvB_BS_075,9789170362897,Sommardöden,Mons Kallentoft,M,Storyside,2008-05-01,bestseller,CRIME,Torsten Wahlund,M,no,no,2009,8,na,na
SvB_BS_076,9789176513484,Snömannen,Jo Nesbø,M,Bonnier Audio,2017-01-30,bestseller,CRIME,Jonas Malmsjö,M,no,no,2009,14,na,na
SvB_BS_077,9789173484220,Paganinikontraktet,Lars Kepler,2,Bonnier Audio,2010-07-15,bestseller,CRIME,Jonas Malmsjö,M,2010,4,na,na,na,na
SvB_BS_078,9789173483964,Blodläge,Johan Theorin,M,Bonnier Audio,2010-04-29,bestseller,CRIME,Magnus Krepper,M,2010,6,na,na,na,na
SvB_BS_079,9789173484329,Den döende detektiven,Leif G.W. Persson,M,Bonnier Audio,2010-08-13,bestseller,CRIME,Peter Andersson,M,2010,7,na,na,na,na
SvB_BS_080,9789164232540,Postcard Killers,Liza Marklund,F,Piratförlaget,2010-01-01,bestseller,CRIME,Reine Brynolfsson,M,2010,10,na,na,na,na
SvB_BS_081,9789164232328,1222 över havet,Anne Holt,F,Piratförlaget,2008-10-01,bestseller,CRIME,Marie Richardson,F,no,no,2010,9,na,na
SvB_BS_082,9789113024837,Bara vanligt vatten,Kajsa Ingemarsson,F,Norstedts,2009-04-01,bestseller,OTHER,Kajsa Ingemarsson,F,no,no,2010,15,na,na
SvB_BS_083,9789170369698,Boktjuven,Markus Zusak,M,Storyside,2018-09-13,bestseller,OTHER,Björn Pedersen,M,no,no,2010,6,na,na
SvB_BS_084,9789186223168,Igelkottens elegans,Muriel Barbery,F,Word Audio Publishing,2010-10-01,bestseller,OTHER,Kerstin Andersson,F,2009,12,na,na,na,na
SvB_BS_085,9789170363979,Höstoffer,Mons Kallentoft,M,Storyside,2009-05-01,bestseller,CRIME,Torsten Wahlund,M,no,no,2010,7,na,na
SvB_BS_086,9789173482578,I den innersta kretsen,Viveca Sten,F,Bonnier Audio,2009-04-08,bestseller,CRIME,Katarina Ewerlöf,F,no,no,2010,11,na,na
SvB_BS_087,9789173485630,Eldvittnet,Lars Kepler,2,Bonnier Audio,2011-11-11,bestseller,CRIME,Jonas Malmsjö,M,2011,1,na,na,na,na
SvB_BS_088,9789173485432,Änglamakerskan,Camilla Läckberg,F,Bonnier Audio,2011-09-19,bestseller,CRIME,Katarina Ewerlöf,F,2011,2,na,na,na,na
SvB_BS_089,9789186719043,En dag,David Nicholls,M,A Nice Noise,2010-11-01,bestseller,OTHER,Anders Ekborg,M,no,no,2011,2,na,na
SvB_BS_090,9789173485227,Livet deluxe,Jens Lapidus,M,Bonnier Audio,2011-06-10,bestseller,CRIME,Jonas Malmsjö,M,2011,3,na,na,na,na
SvB_BS_091,9789164232731,Brobyggarna,Jan Guillou,M,Piratförlaget,2011-09-01,bestseller,OTHER,Tomas Bolme,M,2011,5,na,na,na,na
SvB_BS_092,9789173484879,Niceville,Kathryn Stockett,F,Bonnier Audio,2010-09-15,bestseller,OTHER,Anna Maria Käll,F,no,no,2011,5,na,na
SvB_BS_093,9789164232779,"Du gamla, du fria",Liza Marklund,F,Piratförlaget,2011-11-01,bestseller,CRIME,"Aila Svedberg, Eva Röse, Kauko Helovirta",2,2011,7,na,na,na,na
SvB_BS_094,9789176513453,Pansarhjärta,Jo Nesbø,M,Bonnier Audio,2017-02-24,bestseller,CRIME,Jonas Malmsjö,M,2010,14,na,na,na,na
SvB_BS_095,9789173485210,Det fjärde offret,Mari Jungstedt,F,Bonnier Audio,2011-05-17,bestseller,CRIME,Katarina Ewerlöf,F,2011,11,na,na,na,na
SvB_BS_096,9789113030234,Drömmen förde dej vilse,Anna Jansson,F,Norstedts,2010-05-01,bestseller,CRIME,Marie Richardson,F,no,no,2011,11,na,na
SvB_BS_097,9789173485685,Grand final i skojarbranschen,Kerstin Ekman,F,Bonnier Audio,2011-10-07,bestseller,OTHER,Katarina Ewerlöf,F,2011,12,na,na,na,na
SvB_BS_098,9789113033334,Det fördolda,"Hans Rosenfeldt, Michael Hjorth",M,Norstedts,2010-08-01,bestseller,CRIME,Niklas Falk,M,no,no,2011,12,na,na
SvB_BS_099,9789176513576,Huvudjägarna,Jo Nesbø,M,Bonnier Audio,2016-10-04,bestseller,CRIME,Jonas Malmsjö,M,no,no,2011,13,na,na
SvB_BS_100,9789113036564,Spill,Sigrid Combüchen,F,Norstedts,2016-06-10,bestseller,PRESTIGE,Irene Lindh,F,2011,13,na,na,na,na
SvB_BS_101,9789173485548,Sankta Psyko,Johan Theorin,M,Bonnier Audio,2011-09-29,bestseller,CRIME,Magnus Krepper,M,2011,15,na,na,na,na
SvB_BS_102,9789164232618,Tusenskönor,Kristina Ohlsson,F,Piratförlaget,2010-08-01,bestseller,CRIME,Mirja Turestedt,F,no,no,2011,16,na,na
SvB_BS_103,9789173483872,I grunden utan skuld,Viveca Sten,F,Bonnier Audio,2010-03-24,bestseller,CRIME,Anna Maria Käll,F,no,no,2011,17,na,na
SvB_BS_104,9789173485203,I natt är du död,Viveca Sten,F,Bonnier Audio,2011-04-11,bestseller,CRIME,Katarina Ewerlöf,F,2011,17,na,na,na,na
SvB_BS_105,9789170366369,Den femte årstiden,Mons Kallentoft,M,Storyside,2011-06-01,bestseller,CRIME,Torsten Wahlund,M,2011,18,na,na,na,na
SvB_BS_106,9789173485371,Utrensning,Sofi Oksanen,F,Bonnier Audio,2010-12-01,bestseller,PRESTIGE,Gunilla Nyroos,F,no,no,2011,19,na,na
SvB_BS_107,9789173485647,Ensamma hjärtan och hemlösa hundar,Lucy Dillon,F,Bonnier Audio,2012-06-01,bestseller,OTHER,Katarina Ewerlöf,F,no,no,2011,20,na,na
SvB_BS_108,9789173484800,Strindbergs stjärna,Jan Wallentin,M,Bonnier Audio,2010-10-01,bestseller,CRIME,Johan Rabaeus,M,2011,20,na,na,na,na
SvB_BS_109,9789173486576,Sandmannen,Lars Kepler,2,Bonnier Audio,2012-11-09,bestseller,CRIME,Jonas Malmsjö,M,2012,2,na,na,na,na
SvB_BS_110,9789164232687,Änglavakter,Kristina Ohlsson,F,Piratförlaget,2011-04-01,bestseller,CRIME,Mirja Turestedt,F,no,no,2012,2,na,na
SvB_BS_111,9789113038292,Någonstans inom oss,Kajsa Ingemarsson,F,Norstedts,2011-07-01,bestseller,OTHER,Kajsa Ingemarsson,F,no,no,2012,4,na,na
SvB_BS_112,9789113045832,Torka aldrig tårar utan handskar: 1. Kärleken,Jonas Gardell,M,Norstedts,2012-08-01,bestseller,OTHER,Jonas Gardell,M,2012,4,na,na,na,na
SvB_BS_114,9789164232861,Dandy,Jan Guillou,M,Piratförlaget,2012-09-01,bestseller,OTHER,Tomas Bolme,M,2012,5,na,na,na,na
SvB_BS_115,9789173486224,Den sista akten,Mari Jungstedt,F,Bonnier Audio,2012-05-15,bestseller,CRIME,Katarina Ewerlöf,F,2012,6,na,na,na,na
SvB_BS_117,9789164232830,Två soldater,Roslund & Hellström,M,Piratförlaget,2012-05-01,bestseller,CRIME,Peter Andersson,M,2012,7,na,na,na,na
SvB_BS_118,9789113038308,Lärjungen,"Hans Rosenfeldt, Michael Hjorth",M,Norstedts,2011-08-01,bestseller,CRIME,Niklas Falk,M,no,no,2012,9,na,na
SvB_BS_119,9789173486194,I stundens hetta,Viveca Sten,F,Bonnier Audio,2012-06-15,bestseller,CRIME,Katarina Ewerlöf,F,2012,9,na,na,na,na
SvB_BS_120,9789173484930,Till offer åt Molok,Åsa Larsson,F,Bonnier Audio,2012-03-20,bestseller,CRIME,Åsa Larsson,F,2012,11,na,na,na,na
SvB_BS_121,9789176513545,Gengångare,Jo Nesbø,M,Bonnier Audio,2017-02-24,bestseller,CRIME,Jonas Malmsjö,M,2012,11,na,na,na,na
SvB_BS_122,9789173486606,En man som heter Ove,Fredrik Backman,M,Bonnier Audio,2012-08-27,bestseller,OTHER,Torsten Wahlund,M,2012,13,na,na,na,na
SvB_BS_123,9789113046013,Fjällgraven,"Hans Rosenfeldt, Michael Hjorth",M,Norstedts,2012-10-01,bestseller,CRIME,Niklas Falk,M,2012,14,na,na,na,na
SvB_BS_124,9789113039077,Helgonet,Carin Gerhardsen,F,Norstedts,2011-06-01,bestseller,CRIME,Katarina Ewerlöf,F,no,no,2012,15,na,na
SvB_BS_126,9789170367281,Felicia försvann,Felicia Feldt,F,Storyside,2012-01-01,bestseller,OTHER,"Julia Dufvenius, Wietske Janssen",F,2012,17,na,na,na,na
SvB_BS_129,9789173486415,Vattenänglar,Mons Kallentoft,M,Bonnier Audio,2012-08-06,bestseller,CRIME,Torsten Wahlund,M,2012,20,na,na,na,na
SvB_BS_130,9789187343742,Livet efter dig,Jojo Moyes,F,Printz Publishing,2015-06-26,bestseller,OTHER,Gunilla Leining,F,no,no,2013,2,na,na
SvB_BS_131,9789173487115,Inferno,Dan Brown,M,Bonnier Audio,2013-05-14,bestseller,CRIME,Jonas Malmsjö,M,2013,4,na,na,na,na
SvB_BS_132,9789186719432,Little Bee,Chris Cleave,M,A Nice Noise,2012-05-01,bestseller,OTHER,Malena Laszlo,F,no,no,2013,5,na,na
SvB_BS_133,9789173483025,Den sanna historien om Pinocchios näsa : en roman om ett brott,Leif G.W. Persson,M,Bonnier Audio,2013-09-26,bestseller,CRIME,Peder Falk,M,2013,5,na,na,na,na
SvB_BS_134,9789164232960,Analfabeten som kunde räkna,Jonas Jonasson,M,Piratförlaget,2013-09-01,bestseller,OTHER,Björn Granath,M,2013,6,na,na,na,na
SvB_BS_135,9789113056012,Innan floden tar oss,Helena Thorfinn,F,Norstedts,2013-06-01,bestseller,OTHER,Jens Lindvall,M,no,no,2013,6,na,na
SvB_BS_136,9789164232953,Mellan rött och svart,Jan Guillou,M,Piratförlaget,2013-09-01,bestseller,OTHER,Tomas Bolme,M,2013,7,na,na,na,na
SvB_BS_137,9789164232823,Paradisoffer,Kristina Ohlsson,F,Piratförlaget,2012-04-01,bestseller,CRIME,Mirja Turestedt,F,no,no,2013,7,na,na
SvB_BS_138,9789173486903,Du går inte ensam,Mari Jungstedt,F,Bonnier Audio,2013-05-03,bestseller,CRIME,Katarina Ewerlöf,F,2013,8,na,na,na,na
SvB_BS_139,9789164232977,Lyckliga gatan,Liza Marklund,F,Piratförlaget,2013-10-01,bestseller,CRIME,Marie Richardson,F,2013,9,na,na,na,na
SvB_BS_140,9789113041100,När skönheten kom till Bro,Anna Jansson,F,Norstedts,2012-03-01,bestseller,CRIME,Marie Richardson,F,no,no,2013,10,na,na
SvB_BS_141,9789176513477,Polis,Jo Nesbø,M,Bonnier Audio,2017-02-24,bestseller,CRIME,Jonas Malmsjö,M,2013,10,na,na,na,na
SvB_BS_142,9789170365546,För mycket lycka,Alice Munro,F,Storyside,2010-08-01,bestseller,PRESTIGE,Helena Brodin,F,no,no,2013,11,na,na
SvB_BS_143,9789173486507,Kaffe med rån,Catharina Ingelman-Sundberg,F,Bonnier Audio,2012-08-01,bestseller,CRIME,Helge Skoog,M,no,no,2013,12,na,na
SvB_BS_144,9789173486910,I farans riktning,Viveca Sten,F,Bonnier Audio,2013-05-20,bestseller,CRIME,Katarina Ewerlöf,F,2013,12,na,na,na,na
SvB_BS_145,9789173487221,Min mormor hälsar och säger förlåt,Fredrik Backman,M,Bonnier Audio,2013-09-24,bestseller,OTHER,Anna Maria Käll,F,2013,13,na,na,na,na
SvB_BS_146,9789186615970,Mörka platser,Gillian Flynn,F,Word Audio Publishing,2012-11-01,bestseller,CRIME,Anna Maria Käll,F,no,no,2013,13,na,na
SvB_BS_147,9789113044101,Gideons ring,Carin Gerhardsen,F,Norstedts,2012-05-01,bestseller,CRIME,Katarina Ewerlöf,F,no,no,2013,14,na,na
SvB_BS_148,9789173486996,Och bergen svarade,Khaled Hosseini,M,Bonnier Audio,2013-06-03,bestseller,OTHER,Björn Granath,M,2013,14,na,na,na,na
SvB_BS_149,9789178272488,Flaskpost från P,Jussi Adler-Olsen,M,Bonnier Audio,2012-04-01,bestseller,CRIME,Stefan Sauk,M,no,no,2013,15,na,na
SvB_BS_150,9789113047003,Torka aldrig tårar utan handskar: 2. Sjukdomen,Jonas Gardell,M,Norstedts,2013-01-01,bestseller,OTHER,Jonas Gardell,M,2013,15,na,na,na,na
SvB_BS_151,9789127139534,Egenmäktigt förfarande : En roman om kärlek,Lena Andersson,F,Natur & Kultur,2013-12-01,bestseller,PRESTIGE,Lena Andersson,F,2013,16,na,na,na,na
SvB_BS_152,9789170368608,Handen : ett fall för Wallander,Henning Mankell,M,Storyside,2013-08-01,bestseller,CRIME,Krister Henriksson,M,2013,18,na,na,na,na
SvB_BS_153,9789173487214,Rörgast,Johan Theorin,M,Bonnier Audio,2013-10-01,bestseller,CRIME,Magnus Roosmann,M,2013,20,na,na,na,na
SvB_BS_154,9789164233028,Att inte vilja se,Jan Guillou,M,Piratförlaget,2014-08-28,bestseller,OTHER,Tomas Bolme,M,2014,2,na,na,na,na
SvB_BS_155,9789173488617,Stalker,Lars Kepler,2,Bonnier Audio,2014-10-24,bestseller,CRIME,Jonas Malmsjö,M,2014,1,2015,13,2015,2
SvB_BS_156,9789175230269,Gone Girl,Gillian Flynn,F,Word Audio Publishing,2013-08-01,bestseller,CRIME,Anna Maria Käll,F,no,no,2015,16,no,no
SvB_BS_157,9789173488631,Lejontämjaren,Camilla Läckberg,F,Bonnier Audio,2014-11-17,bestseller,CRIME,Katarina Ewerlöf,F,2014,3,no,no,2015,7
SvB_BS_158,9789173488020,VIP-rummet,Jens Lapidus,M,Bonnier Audio,2014-06-03,bestseller,CRIME,Jonas Malmsjö,M,2015,14,no,no,no,no
SvB_BS_159,9789188261175,Sophies historia,Jojo Moyes,F,Printz Publishing,2015-11-19,bestseller,OTHER,Gunilla Leining,F,no,no,2014,5,na,na
SvB_BS_160,9789127141919,Utan personligt ansvar,Lena Andersson,F,Natur & Kultur,2014-10-30,bestseller,OTHER,Anna Godenius,F,2014,6,na,na,na,na
SvB_BS_161,9789176513552,Sonen,Jo Nesbø,M,Bonnier Audio,2016-10-04,bestseller,CRIME,Christian Fex,M,2014,7,2015,20,no,no
SvB_BS_162,9789113050737,Än klappar hjärtan,Helena von Zweigbergk,F,Norstedts,2013-09-01,bestseller,OTHER,Helena von Zweigbergk,F,no,no,2014,8,na,na
SvB_BS_163,9789170369506,Jag heter inte Miriam,Majgull Axelsson,F,Storyside,2014-03-17,bestseller,OTHER,Katarina Ewerlöf,F,2014,9,2015,6,no,no
SvB_BS_165,9789113067445,De underkända,"Hans Rosenfeldt, Michael Hjorth",M,Norstedts,2015-10-15,bestseller,CRIME,Niklas Falk,M,2015,19,na,na,2015,8
SvB_BS_166,9789164233189,Blå stjärnan,Jan Guillou,M,Piratförlaget,2015-09-03,bestseller,OTHER,Tomas Bolme,M,2015,6,na,na,no,no
SvB_BS_167,9789113060798,Det som inte dödar oss : Millennium 4,David Lagercrantz,M,Norstedts,2015-09-10,bestseller,CRIME,Stefan Sauk,M,2015,1,2016,14,2015,1
SvB_BS_168,9789173488594,Bombmakaren och hans kvinna,Leif G.W. Persson,M,Bonnier Audio,2015-07-27,bestseller,CRIME,Reine Brynolfsson,M,2015,4,no,no,2015,9
SvB_BS_169,9789176517321,Britt-Marie var här,Fredrik Backman,M,Bonnier Audio,2017-07-01,bestseller,OTHER,Marie Richardson,F,2015,5,2015,4,no,no
SvB_BS_170,9789164233202,Mördar-Anders och hans vänner (samt en och annan ovän),Jonas Jonasson,M,Piratförlaget,2015-09-24,bestseller,OTHER,Björn Granath,M,2015,8,2016,5,2015,16
SvB_BS_171,9789176510742,Allt jag inte minns,Jonas Hassen Khemiri,M,Bonnier Audio,2015-09-01,bestseller,PRESTIGE,Hamadi Khemiri,M,2015,9,2016,10,no,no
SvB_BS_172,9789176510629,STHLM DELETE,Jens Lapidus,M,Bonnier Audio,2015-10-07,bestseller,CRIME,Jonas Malmsjö,M,2015,10,2016,20,2015,18
SvB_BS_173,9789164233196,Det är något som inte stämmer,Martina Haag,F,Piratförlaget,2015-11-20,bestseller,OTHER,Martina Haag,F,2015,11,2016,4,2015,10
SvB_BS_174,9789173487962,Playground,Lars Kepler,2,Bonnier Audio,2015-10-21,bestseller,CRIME,Angela Kovács,F,2015,12,no,no,no,no
SvB_BS_175,9789164233158,Järnblod,Liza Marklund,F,Piratförlaget,2015-06-18,bestseller,CRIME,Marie Richardson,F,2015,13,2016,13,2015,3
SvB_BS_176,9789187343933,Arvet efter dig,Jojo Moyes,F,Printz Publishing,2015-12-25,bestseller,OTHER,Gunilla Leining,F,2015,15,2016,2,2016,3
SvB_BS_177,9789164233004,Björndansen,Roslund & Thunberg,M,Piratförlaget,2014-05-28,bestseller,CRIME,Thomas Hanzon,M,2015,17,no,no,no,no
SvB_BS_178,9789113067537,Liv till varje pris,Kristina Sandberg,F,Norstedts,2014-11-27,bestseller,PRESTIGE,Andrea Irving,F,2015,18,no,no,no,no
SvB_BS_179,9789176510926,Konsten att höra hjärtslag,Jan-Philipp Sendker,M,Bonnier Audio,2015-07-17,bestseller,OTHER,Anna Maria Käll,F,no,no,2015,1,no,no
SvB_BS_180,9789187343858,Etthundra mil,Jojo Moyes,F,Printz Publishing,2015-10-13,bestseller,OTHER,Gunilla Leining,F,no,no,2015,2,no,no
SvB_BS_181,9789187343759,Sista brevet från din älskade,Jojo Moyes,F,Printz Publishing,2015-07-16,bestseller,OTHER,Gunilla Leining,F,no,no,2015,3,no,no
SvB_BS_182,9789187377860,Visning pågår,Sofie Sarenbrant,F,Stockholm Text,2014-04-02,bestseller,CRIME,Katarina Ewerlöf,F,no,no,2015,5,no,no
SvB_BS_183,9789113067513,Att föda ett barn,Kristina Sandberg,F,Norstedts,2014-12-23,bestseller,OTHER,Andrea Irving,F,no,no,2015,7,no,no
SvB_BS_184,9789164233066,Lotus blues,Kristina Ohlsson,F,Piratförlaget,2014-10-02,bestseller,CRIME,Oscar Skagerberg,M,no,no,2015,8,no,no
SvB_BS_185,9789173488136,Offer utan ansikte,Stefan Ahnhem,M,Bonnier Audio,2014-06-25,bestseller,CRIME,Magnus Roosmann,M,no,no,2015,9,no,no
SvB_BS_186,9789176470008,Öppnas i händelse av min död,Liane Moriarty,F,Bonnier Audio,2015-04-08,bestseller,OTHER,Kerstin Andersson,F,no,no,2015,11,no,no
SvB_BS_187,9789127141070,Stoner,John Williams,M,Natur & Kultur,2014-07-03,bestseller,OTHER,Björn Granath,M,no,no,2015,14,no,no
SvB_BS_188,9789173377508,I skymningen sjunger koltrasten,Linda Olsson,F,Brombergs,2015-12-17,bestseller,OTHER,Kristina Adolphson,F,no,no,2015,15,no,no
SvB_BS_189,9789173487986,I maktens skugga,Viveca Sten,F,Bonnier Audio,2014-05-15,bestseller,CRIME,Katarina Ewerlöf,F,no,no,2015,17,no,no
SvB_BS_190,9789175232508,Jakthundarna,Jørn Lier Horst,M,Word Audio Publishing,2014-03-27,bestseller,CRIME,Mattias Linderoth,M,no,no,2015,18,no,no
SvB_BS_191,9789113050881,Den stumma flickan,"Hans Rosenfeldt, Michael Hjorth",M,Norstedts,2014-09-25,bestseller,CRIME,Niklas Falk,M,no,no,2015,19,no,no
SvB_BS_192,9789164233325,Tre minuter,Roslund & Hellström,M,Piratförlaget,2016-05-26,bestseller,CRIME,Thomas Hanzon,M,2016,13,no,no,no,no
SvB_BS_193,9789176512579,Kaninjägaren,Lars Kepler,2,Bonnier Audio,2016-10-24,bestseller,CRIME,Jonas Malmsjö,M,2016,1,2017,13,2016,1
SvB_BS_194,9789176513354,Kan man dö två gånger? : En roman om ett brott,Leif G.W. Persson,M,Bonnier Audio,2016-09-23,bestseller,CRIME,Magnus Roosmann,M,2016,3,2017,18,2016,8
SvB_BS_195,9789164233356,Äkta amerikanska jeans,Jan Guillou,M,Piratförlaget,2016-08-31,bestseller,OTHER,Tomas Bolme,M,2016,5,no,no,no,no
SvB_BS_196,9789176512524,Simma med de drunknade,Lars Mytting,M,Bonnier Audio,2016-04-21,bestseller,OTHER,Johan Svensson,M,no,no,2016,7,no,no
SvB_BS_198,9789187885181,Avdelning 73,Sofie Sarenbrant,F,Word Audio Publishing,2015-04-21,bestseller,CRIME,Katarina Ewerlöf,F,no,no,2016,9,2015,4
SvB_BS_199,9789176511978,Det andra ansiktet,Mari Jungstedt,F,Bonnier Audio,2016-05-12,bestseller,CRIME,Katarina Ewerlöf,F,2016,11,2017,7,2016,4
SvB_BS_200,9789176512197,Störst av allt,Malin Persson Giolito,F,Bonnier Audio,2016-06-20,bestseller,CRIME,Lo Kauppi,F,2016,14,2017,2,2017,18
SvB_BS_201,9789176511565,Snövit ska dö,Nele Neuhaus,F,Bonnier Audio,2015-12-22,bestseller,CRIME,Gerhard Hoberstorfer,M,no,no,2016,16,no,no
SvB_BS_202,9789188345639,Glöm mig,Alex Schulman,M,Stockholm Text,2016-10-06,bestseller,OTHER,Alex Schulman,M,2016,16,2017,19,no,no
SvB_BS_204,9789127147362,I varje ögonblick är vi fortfarande vid liv,Tom Malmquist,M,Natur & Kultur,2015-10-08,bestseller,PRESTIGE,Björn Wahlberg,M,no,no,2016,18,no,no
SvB_BS_205,9789176512814,Kvinna inför rätta,Louise Doughty,F,Bonnier Audio,2016-05-31,bestseller,CRIME,Louise Raeder,F,no,no,2016,19,no,no
SvB_BS_206,9789187885358,Tiggaren,Sofie Sarenbrant,F,Word Audio Publishing,2016-05-23,bestseller,CRIME,Katarina Ewerlöf,F,2016,19,2017,6,2016,5
SvB_BS_207,9789188345851,Bakom din rygg,Sofie Sarenbrant,F,Stockholm Text,2017-05-22,bestseller,CRIME,Katarina Ewerlöf,F,2017,19,2018,7,2017,5
SvB_BS_208,9789164233745,1968,Jan Guillou,M,Piratförlaget,2017-08-24,bestseller,OTHER,Tomas Bolme,M,2017,9,no,no,no,no
SvB_BS_210,9789176512623,Arton grader minus,Stefan Ahnhem,M,Bonnier Audio,2016-10-13,bestseller,CRIME,Magnus Roosmann,M,no,no,2017,10,no,no
SvB_BS_211,9789176518359,Återstoden av dagen,Kazuo Ishiguro,M,Bonnier Audio,2017-11-22,bestseller,PRESTIGE,Reine Brynolfsson,M,2017,10,no,no,no,no
SvB_BS_213,9789176511282,Hjärtats innersta röst,Jan-Philipp Sendker,M,Bonnier Audio,2016-03-09,bestseller,OTHER,Anna Maria Käll,F,no,no,2017,12,no,no
SvB_BS_214,9789174616644,Vänd dig inte om,Tove Alsterdal,F,Lind & Co,2016-08-22,bestseller,CRIME,Gunilla Leining,F,no,no,2017,14,no,no
SvB_BS_215,9789113087009,De kommer att drunkna i sina mödrars tårar,Johannes Anyuru,M,Norstedts,2018-03-29,bestseller,PRESTIGE,Johannes Anyuru,M,2017,16,no,no,no,no
SvB_BS_216,9789176517086,Björnstad,Fredrik Backman,M,Bonnier Audio,2017-07-01,bestseller,OTHER,Marie Richardson,F,no,no,2017,16,no,no
SvB_BS_217,9789173431774,Italienska skor,Henning Mankell,M,Leopard Förlag,2018-02-23,bestseller,OTHER,Anton Körberg,M,2006,16,na,na,na,na
SvB_BS_218,9789173480888,Krigets gudar : Kejsaren IV,Conn Iggulden,M,Bonnier Audio,2009-10-13,bestseller,OTHER,Torsten Wahlund,M,2006,17,na,na,na,na
SvB_BS_219,9789113052953,Vänaste land,Åke Edwardson,M,Norstedts,2007-03-01,bestseller,CRIME,Torsten Wahlund,M,2006,18,na,na,na,na
SvB_BS_220,9789173481380,I denna ljuva sommartid,Mari Jungstedt,F,Bonnier Audio,2007-10-25,bestseller,CRIME,Katarina Ewerlöf,F,2007,12,na,na,na,na
SvB_BS_221,9789173134330,Lyckans hjul,Kajsa Ingemarsson,F,Norstedts,2007-08-01,bestseller,OTHER,Kajsa Ingemarsson,F,2007,13,na,na,na,na
SvB_BS_222,9789164231659,Flickan under gatan,Roslund & Hellström,M,Piratförlaget,2007-09-01,bestseller,CRIME,Shanti Roney,M,2007,16,na,na,na,na
SvB_BS_223,9789173481441,Tröstaren,Karin Wahlberg,F,Bonnier Audio,2007-09-21,bestseller,CRIME,Torsten Wahlund,M,2007,18,na,na,na,na
SvB_BS_224,9789173481618,Skumtimmen,Johan Theorin,M,Bonnier Audio,2007-09-21,bestseller,CRIME,Magnus Krepper,M,2007,19,na,na,na,na
SvB_BS_225,9789173483094,Tårtgeneralen,"Filip Hammar, Fredrik Wikingsson",M,Bonnier Audio,2009-11-20,bestseller,OTHER,"Filip Hammar, Fredrik Wikingsson",2,2009,13,na,na,na,na
SvB_BS_226,9789100185978,Ängelns lek,Carlos Ruiz Zafon,M,Bonnier Audio,2020-04-14,bestseller,OTHER,Niklas Falk,M,2009,14,na,na,na,na
SvB_BS_227,9789173483056,Matthandlare Olssons död,Karin Wahlberg,F,Bonnier Audio,2009-11-13,bestseller,CRIME,Torsten Wahlund,M,2009,17,na,na,na,na
SvB_BS_228,9789173483421,Bergens väktare : Erövraren III,Conn Iggulden,M,Bonnier Audio,2009-11-03,bestseller,OTHER,Torsten Wahlund,M,2009,18,na,na,na,na
SvB_BS_229,9789173482998,Maskarna på Carmine Street,Håkan Nesser,M,Bonnier Audio,2009-08-14,bestseller,CRIME,Håkan Nesser,M,2009,19,na,na,na,na
SvB_BS_230,9789173484190,Den farliga leken,Mari Jungstedt,F,Bonnier Audio,2010-05-21,bestseller,CRIME,Katarina Ewerlöf,F,2010,12,na,na,na,na
SvB_BS_231,9789173484183,De ensamma,Håkan Nesser,M,Bonnier Audio,2010-05-21,bestseller,CRIME,Håkan Nesser,M,2010,15,na,na,na,na
SvB_BS_232,9789170364501,Vårlik,Mons Kallentoft,M,Storyside,2010-05-01,bestseller,CRIME,Torsten Wahlund,M,2010,18,na,na,na,na
SvB_BS_237,9789170361180,Låt den rätte komma in,John Ajvide Lindqvist,M,Storyside,2008-10-01,bestseller,OTHER,John Ajvide Lindqvist,M,no,no,2009,2,na,na
SvB_BS_238,9789170369612,Shantaram,Gregory David Roberts,M,Brombergs,2007,bestseller,OTHER,Per Juhlin,M,no,no,2009,19,na,na
SvB_BS_240,9789113048802,Femtio nyanser av honom,E.L. James,F,Norstedts,2016-04-18,bestseller,OTHER,Julia Dufvenius,F,2012,1,na,na,na,na
SvB_BS_241,9789113048840,Femtio nyanser av mörker,E.L. James,F,Norstedts,2016-04-18,bestseller,OTHER,Julia Dufvenius,F,2012,3,na,na,na,na
SvB_BS_242,9789113092096,Morgon i Jenin,Susan Abulhawa,F,Norstedts,2019-03-13,bestseller,OTHER,Cecilia Nilsson,F,no,no,2012,19,na,na
SvB_BS_243,9789113048871,Femtio nyanser av frihet,E.L. James,F,Norstedts,2016-04-18,bestseller,OTHER,Julia Dufvenius,F,2013,1,na,na,na,na
SvB_BS_244,9789113072999,Min fantastiska väninna,Elena Ferrante,F,Norstedts,2016-03-24,bestseller,OTHER,Odile Nunes,F,2016,2,2017,5,no,no
SvB_BS_245,9789113075594,Hennes nya namn,Elena Ferrante,F,Norstedts,2016-10-11,bestseller,OTHER,Odile Nunes,F,2016,6,no,no,no,no
SvB_BS_246,9789188261441,Toner i natten,Jojo Moyes,F,Printz Publishing,2016-12-22,bestseller,OTHER,Gunilla Leining,F,2016,18,2017,3,2017,15
SvB_BS_247,9789176790090,Kvinnan på tåget,Paula Hawkins,F,Norstedts,2015-04-02,bestseller,CRIME,Angela Kovács,F,no,no,2016,1,no,no
SvB_BS_248,9789176791264,Det lilla bageriet på strandpromenaden,Jenny Colgan,F,Norstedts,2016-06-09,bestseller,OTHER,Kerstin Andersson,F,no,no,2016,11,no,no
SvB_BS_249,9789113073828,Mannen som sökte sin skugga,David Lagercrantz,M,Norstedts,2017-09-07,bestseller,CRIME,Stefan Sauk,M,2017,1,no,no,2017,2
SvB_BS_250,9789176515846,Begynnelse,Dan Brown,M,Bonnier Audio,2017-10-30,bestseller,CRIME,Niklas Falk,M,2017,3,2018,17,no,no
SvB_BS_251,9789176513439,Häxan,Camilla Läckberg,F,Bonnier Audio,2017-04-07,bestseller,CRIME,Katarina Ewerlöf,F,2017,4,2018,13,2017,1
SvB_BS_252,9789113080055,Det förlorade barnet,Elena Ferrante,F,Norstedts,2017-06-15,bestseller,PRESTIGE,Odile Nunes,F,2017,6,no,no,no,no
SvB_BS_253,9789113077536,"Den som stannar, den som går",Elena Ferrante,F,Norstedts,2017-01-18,bestseller,OTHER,Odile Nunes,F,2017,11,no,no,no,no
SvB_BS_254,9789176514580,Top dogg,Jens Lapidus,M,Bonnier Audio,2017-06-01,bestseller,CRIME,Jonas Malmsjö,M,2017,12,no,no,2017,12
SvB_BS_255,9789176513613,Törst,Jo Nesbø,M,Bonnier Audio,2017-03-21,bestseller,CRIME,Jonas Malmsjö,M,2017,13,no,no,2017,10
SvB_BS_256,9789176518366,Never let me go,Kazuo Ishiguro,M,Bonnier Audio,2017-11-03,bestseller,PRESTIGE,Anna Maria Käll,F,2017,17,no,no,no,no
SvB_BS_257,9789176511336,Det förlovade landet,Mari Jungstedt,F,Bonnier Audio,2017-05-12,bestseller,CRIME,Katarina Ewerlöf,F,2017,18,2018,9,2017,9
SvB_BS_258,9789176514665,Selfies,Jussi Adler-Olsen,M,Bonnier Audio,2017-04-25,bestseller,CRIME,Stefan Sauk,M,2017,20,no,no,2017,3
SvB_BS_259,9789176790823,Sommar på strandpromenaden,Jenny Colgan,F,Norstedts,2016-06-16,bestseller,OTHER,Kerstin Andersson,F,no,no,2017,4,no,no
SvB_BS_260,9789176792506,Jul i det lilla bageriet på strandpromenaden,Jenny Colgan,F,Norstedts,2016-12-01,bestseller,OTHER,Kerstin Andersson,F,no,no,2017,15,no,no
SvB_BS_261,9789176515815,Lazarus,Lars Kepler,2,Bonnier Audio,2018-10-19,bestseller,CRIME,Jonas Malmsjö,M,2018,1,no,no,2018,1
SvB_BS_262,9789113088907,Till minne av en villkorslös kärlek,Jonas Gardell,M,Norstedts,2018-08-24,bestseller,OTHER,Jonas Gardell,M,2018,4,no,no,no,no
SvB_BS_263,9789188745569,Bränn alla mina brev,Alex Schulman,M,Stockholm Text,2018-12-04,bestseller,OTHER,Alex Schulman,M,2018,5,2019,8,2019,13
SvB_BS_264,9789164233981,De som dödar drömmar sover aldrig,Jan Guillou,M,Piratförlaget,2018-11-01,bestseller,OTHER,Tomas Bolme,M,2018,6,no,no,no,no
SvB_BS_265,9789177710400,En andra chans,Jojo Moyes,F,Printz Publishing,2018-07-31,bestseller,OTHER,Gunilla Leining,F,2018,8,2019,5,2018,17
SvB_BS_266,9789176518670,Ett mörker mitt ibland oss,Mari Jungstedt,F,Bonnier Audio,2018-06-01,bestseller,CRIME,Katarina Ewerlöf,F,2018,9,2019,6,2018,5
SvB_BS_267,9789176518663,I fel sällskap,Viveca Sten,F,Bonnier Audio,2018-05-09,bestseller,CRIME,Katarina Ewerlöf,F,2018,10,no,no,no,no
SvB_BS_268,9789188545596,Syndabocken,Sofie Sarenbrant,F,Stockholm Text,2018-05-21,bestseller,CRIME,Katarina Ewerlöf,F,2018,12,2019,10,2018,2
SvB_BS_269,9789113070919,En högre rättvisa,"Hans Rosenfeldt, Michael Hjorth",M,Norstedts,2018-11-01,bestseller,CRIME,Niklas Falk,M,2018,14,no,no,2018,15
SvB_BS_270,9789176518892,De vänsterhäntas förening,Håkan Nesser,M,Bonnier Audio,2018-07-27,bestseller,CRIME,Reine Brynolfsson,M,2018,15,2019,16,no,no
SvB_BS_271,9789164233929,Tre timmar,Anders Roslund,M,Piratförlaget,2018-05-31,bestseller,CRIME,Thomas Hanzon,M,2018,17,2019,18,no,no
SvB_BS_273,9789176519899,1793,Niklas Natt och Dag,M,Bonnier Audio,2018-03-27,bestseller,CRIME,Martin Wallström,M,no,no,2018,2,no,no
SvB_BS_274,9789176793251,Den lilla bokhandeln runt hörnet,Jenny Colgan,F,Norstedts,2017-06-22,bestseller,OTHER,Kerstin Andersson,F,no,no,2018,4,no,no
SvB_BS_275,9789176518922,Silvervägen,Stina Jackson,F,Bonnier Audio,2018-05-22,bestseller,CRIME,Marie Richardson,F,no,no,2018,5,2019,9
SvB_BS_276,9789176517451,Bara ett barn,Malin Persson Giolito,F,Bonnier Audio,2017-12-05,bestseller,CRIME,Anja Lundqvist,F,no,no,2018,6,no,no
SvB_BS_277,9789177710011,Ensam i Paris (och andra historier),Jojo Moyes,F,Printz Publishing,2017-12-13,bestseller,OTHER,Gunilla Leining,F,no,no,2018,8,no,no
SvB_BS_278,9789176515983,Husdjuret,Camilla Grebe,F,Bonnier Audio,2017-09-14,bestseller,CRIME,Katarina Ewerlöf,F,no,no,2018,10,no,no
SvB_BS_279,9789177990840,Den tyska flickan,Armando Lucas Correa,M,Louise Bäckelin Förlag,2020-02-05,bestseller,OTHER,Anna Maria Käll,F,no,no,2018,11,no,no
SvB_BS_280,9789177618683,Strandcaféet,Lucy Diamond,F,Storyside,2017-08-24,bestseller,OTHER,Gabriella Boris,F,no,no,2018,12,no,no
SvB_BS_281,9789176519448,Kvinnan i fönstret,A.J. Finn,M,Bonnier Audio,2018-04-10,bestseller,CRIME,Angela Kovács,F,no,no,2018,14,no,no
SvB_BS_282,9789188545954,Blodlokan,Louise Boije af Gennäs,F,Stockholm Text,2018-01-16,bestseller,CRIME,Louise Boije af Gennäs,F,no,no,2018,15,no,no
SvB_BS_283,9789164233592,Syndafloder,Kristina Ohlsson,F,Piratförlaget,2017-03-09,bestseller,CRIME,Mirja Turestedt,F,no,no,2018,18,2018,20
SvB_BS_285,9789176334423,Pappas pojke,Emelie Schepp,F,HarperCollins Nordic,2017-08-21,bestseller,CRIME,Gunilla Leining,F,no,no,2018,20,2017,8
SvB_BS_286,9789113073873,Hon som måste dö,David Lagercrantz,M,Norstedts,2019-08-22,bestseller,CRIME,Stefan Sauk,M,2019,1,no,no,2019,1
SvB_BS_287,9789178270903,En bur av guld,Camilla Läckberg,F,Bonnier Audio,2019-04-11,bestseller,CRIME,Mirja Turestedt,F,2019,3,2020,6,2019,8
SvB_BS_288,9789178273980,1794,Niklas Natt och Dag,M,Bonnier Audio,2019-09-18,bestseller,CRIME,Martin Wallström,M,2019,4,no,no,no,no
SvB_BS_289,9789164234186,Den andra dödssynden,Jan Guillou,M,Piratförlaget,2019-08-29,bestseller,OTHER,Tomas Bolme,M,2019,5,no,no,no,no
SvB_BS_290,9789178272150,Jag ser dig,Mari Jungstedt,F,Bonnier Audio,2019-06-04,bestseller,CRIME,Katarina Ewerlöf,F,2019,7,2020,8,no,no
SvB_BS_291,9789178272235,Kniv,Jo Nesbø,M,Bonnier Audio,2019-06-26,bestseller,CRIME,Jonas Malmsjö,M,2019,8,2020,12,no,no
SvB_BS_292,9789176335208,Broder Jakob,Emelie Schepp,F,HarperCollins Nordic,2019-03-21,bestseller,CRIME,Gunilla Leining,F,2019,10,2020,18,2019,4
SvB_BS_293,9789178275366,Löparna,Olga Tokarczuk,F,Bonnier Audio,2019-11-29,bestseller,PRESTIGE,Anna Maria Käll,F,2019,11,no,no,no,no
SvB_BS_294,9789177711964,Bergens stjärnor,Jojo Moyes,F,Printz Publishing,2019-10-07,bestseller,OTHER,Gunilla Leining,F,2019,12,2020,7,no,no
SvB_BS_295,9789188859181,Skamvrån,Sofie Sarenbrant,F,Stockholm Text,2019-05-20,bestseller,CRIME,Katarina Ewerlöf,F,2019,13,2020,4,2019,2
SvB_BS_296,9789178271009,Folk med ångest,Fredrik Backman,M,Bonnier Audio,2019-04-25,bestseller,OTHER,Anna Maria Käll,F,2019,14,no,no,no,no
SvB_BS_297,9789178274284,I hemlighet begravd,Viveca Sten,F,Bonnier Audio,2019-10-21,bestseller,CRIME,Katarina Ewerlöf,F,2019,16,no,no,2019,20
SvB_BS_298,9789164233950,Hundraettåringen som tänkte att han tänkte för mycket,Jonas Jonasson,M,Piratförlaget,2018-10-15,bestseller,OTHER,Magnus Roosmann,M,2018,17,no,no,no,no
SvB_BS_299,9789178272372,Jamåhonleva,Anders Roslund,M,Bonnier Audio,2019-07-19,bestseller,CRIME,Thomas Hanzon,M,2019,18,2020,11,no,no
SvB_BS_300,9789177950998,Jag for ner till bror,Karin Smirnoff,F,Bokförlaget Polaris,2018-10-22,bestseller,PRESTIGE,Lo Kauppi,F,no,no,2019,2,no,no
SvB_BS_301,9789178270002,En helt vanlig familj,Mattias Edvardsson,M,Bonnier Audio,2018-06-20,bestseller,CRIME,"Johanna Lazcano, Magnus Roosmann, Rebecka Hemse",2,no,no,2019,4,2018,13
SvB_BS_302,9789177490401,Bokhandeln på Riverside Drive,Frida Skybäck,F,Modern Audio,2018-07-18,bestseller,OTHER,Janna Eriksson,F,no,no,2019,11,no,no
SvB_BS_303,9789188107916,Tatueraren i Auschwitz,Heather Morris,F,Bokförlaget NoNa,2018-12-11,bestseller,OTHER,Viktoria Flodström,F,no,no,2019,12,no,no
SvB_BS_304,9789176795682,Sommar på den lilla ön i havet,Jenny Colgan,F,Norstedts,2018-05-12,bestseller,OTHER,Kerstin Andersson,F,no,no,2019,13,no,no
SvB_BS_305,9789188745071,Det som göms i snö,Carin Gerhardsen,F,Stockholm Text,2018-09-25,bestseller,CRIME,Stefan Sauk,M,no,no,2019,15,2018,20
SvB_BS_306,9789178270170,Motiv X,Stefan Ahnhem,M,Bonnier Audio,2018-09-19,bestseller,CRIME,Magnus Roosmann,M,no,no,2019,17,no,no
SvB_BS_307,9789127159693,Arv och miljö,Vigdis Hjorth,F,Natur & Kultur,2018-12-21,bestseller,PRESTIGE,Gunilla Leining,F,no,no,2019,19,no,no
SvB_BS_308,9789113088181,På egen hand,Marian Keyes,M,Norstedts,2018-08-03,bestseller,OTHER,Emma Peters,F,no,no,2019,20,no,no
SvB_BS_309,9789100185282,Spegelmannen,Lars Kepler,2,Bonnier Audio,2020-10-21,bestseller,CRIME,Jonas Malmsjö,M,2020,1,na,na,2020,4
SvB_BS_310,9789178275625,Där kräftorna sjunger,Delia Owens,F,Bonnier Audio,2020-04-29,bestseller,OTHER,Anna Maria Käll,F,2020,2,na,na,2020,2
SvB_BS_311,9789100186487,Samlade verk,Lydia Sandgren,F,Bonnier Audio,2020-05-13,bestseller,PRESTIGE,Ludvig Josephson,M,2020,3,na,na,no,no
SvB_BS_312,9789137156248,Vingar av silver,Camilla Läckberg,F,Bonnier Audio,2020-05-13,bestseller,CRIME,Mirja Turestedt,F,2020,4,na,na,2020,3
SvB_BS_313,9789164234391,Slutet på historien,Jan Guillou,M,Piratförlaget,2020-08-24,bestseller,OTHER,Tomas Bolme,M,2020,5,na,na,no,no
SvB_BS_314,9789100185954,Överlevarna,Alex Schulman,M,Bonnier Audio,2020-09-04,bestseller,OTHER,Alex Schulman,M,2020,6,na,na,no,no
SvB_BS_315,9789177952442,Sen for jag hem,Karin Smirnoff,F,Bokförlaget Polaris,2020-04-28,bestseller,OTHER,Lo Kauppi,F,2020,7,na,na,no,no
SvB_BS_316,9789189007499,Mytomanen,Sofie Sarenbrant,F,Stockholm Text,2020-05-25,bestseller,CRIME,Katarina Ewerlöf,F,2020,9,na,na,2020,1
SvB_BS_317,9789113109305,Vargasommar,Hans Rosenfeldt,M,Norstedts,2020-09-24,bestseller,CRIME,Lo Kauppi,F,2020,10,na,na,no,no
SvB_BS_318,9789177953135,Renegater,Klas Östergren,M,Bokförlaget Polaris,2020-09-10,bestseller,PRESTIGE,Klas Östergren,M,2020,13,na,na,no,no
SvB_BS_319,9789180060622,Solsystern : Electras bok,Lucinda Riley,F,Bazar Förlag,2020-10-28,bestseller,OTHER,Gunilla Leining,F,2020,15,na,na,no,no
SvB_BS_320,9789100184230,Innan molnen kommer,Mari Jungstedt,F,Bonnier Audio,2020-06-01,bestseller,CRIME,Katarina Ewerlöf,F,2020,16,na,na,2020,5
SvB_BS_321,9789127168916,Jag ser allt du gör,Annika Norlin,F,Weyler Förlag,2020-04-17,bestseller,PRESTIGE,Olof Wretling,M,2020,17,na,na,no,no
SvB_BS_323,9789189057326,Månsystern : Tiggys bok,Lucinda Riley,F,BZR Publishing AB,2020-01-27,bestseller,OTHER,Gunilla Leining,F,2020,19,na,na,no,no
SvB_BS_324,9789177190615,Nio liv,Emelie Schepp,F,HarperCollins Nordic,2020-11-05,bestseller,CRIME,Gunilla Leining,F,2020,20,na,na,2020,8
SvB_BS_325,9789113098081,Testamente,Nina Wähä,F,Norstedts,2019-06-26,bestseller,PRESTIGE,Nina Wähä,F,no,no,2020,2,no,no
SvB_BS_326,9789177951483,Vi for upp med mor,Karin Smirnoff,F,Bokförlaget Polaris,2019-05-02,bestseller,OTHER,Lo Kauppi,F,no,no,2020,3,no,no
SvB_BS_327,9789113089645,Tillbaka till den lilla ön i havet,Jenny Colgan,F,Norstedts,2019-04-04,bestseller,OTHER,Kerstin Andersson,F,no,no,2020,9,no,no
SvB_BS_328,9789113093925,Det sista livet,"Peter Mohlin, Peter Nyström",M,Norstedts,2020-04-02,bestseller,CRIME,Reine Brynolfsson,M,no,no,2020,10,no,no
SvB_BS_329,9789178272440,Krokodilväktaren,Katrine Engberg,F,Bonnier Audio,2019-06-11,bestseller,CRIME,Katarina Ewerlöf,F,no,no,2020,13,no,no
SvB_BS_330,9789177991724,Bokcirkeln vid världens ände,Frida Skybäck,F,Louise Bäckelin Förlag,2020-02-05,bestseller,OTHER,Gunilla Leining,F,no,no,2020,14,no,no
SvB_BS_331,9789189007338,Råttkungen,Pascal Engman,M,Stockholm Text,2019-10-16,bestseller,CRIME,Stefan Sauk,M,no,no,2020,16,no,no
SvB_BS_332,9789178274017,Normala människor,Sally Rooney,F,Bonnier Audio,2019-09-20,bestseller,PRESTIGE,Ellen Jelinek,F,no,no,2020,17,no,no
SvB_BS_333,9789178272303,Det första chiffret,Denise Rudberg,F,Bonnier Audio,2019-05-13,bestseller,OTHER,Anna Maria Käll,F,no,no,2020,19,no,no
SvB_BS_334,9789113098968,Julafton på den lilla ön i havet,Jenny Colgan,F,Norstedts,2019-10-24,bestseller,OTHER,Irene Lindh,F,no,no,2020,20,no,no
